Likes,Date,Location,Location_coord,Grid_coord,Post_url
209,2021/12/20 17:35,淡水老街廣場,"(25.169150318693575, 121.44411355507341)","(25.16, 121.44)",https://www.instagram.com/p/CXsyifMrcB-
168,2021/12/15 01:18,天母 新光三越,"(25.117919855936787, 121.53391151646441)","(25.12, 121.53)",https://www.instagram.com/p/CXeKsFfPuCi
184,2021/12/14 18:58,角落大院 Corner Studio,"(25.10739558430812, 121.31620226988332)","(25.1, 121.32)",https://www.instagram.com/p/CXdfMI7PMtA
38,2021/12/12 02:02,Mitsui Outlet Park 林口,"(25.0703060583, 121.3651887947)","(25.08, 121.36)",https://www.instagram.com/p/CXWhYOxvIi6
8956,2021/12/18 20:57,88號樂章 婚宴會館,"(25.0602089229, 121.5749104603)","(25.06, 121.58)",https://www.instagram.com/p/CXoADUsPFoc
188,2021/12/15 22:10,"Mandarin Oriental, Taipei 台北文華東方酒店","(25.0557416, 121.5481485)","(25.06, 121.54)",https://www.instagram.com/p/CXgaBLyp-6F
364,2021/12/18 19:47,"Mandarin Oriental, Taipei 台北文華東方酒店","(25.0557416, 121.5481485)","(25.06, 121.54)",https://www.instagram.com/p/CXn3_CqFa-b
259,2021/12/21 20:54,"Mandarin Oriental, Taipei 台北文華東方酒店","(25.0557416, 121.5481485)","(25.06, 121.54)",https://www.instagram.com/p/CXvuFkNpxfX
122,2021/12/13 16:12,花博公園舞蝶館,"(25.0693657194, 121.5241155423)","(25.06, 121.52)",https://www.instagram.com/p/CXangL_PkeJ
38,2021/12/16 22:58,捷運中山站線形公園,"(25.0542112989, 121.5205394433)","(25.06, 121.52)",https://www.instagram.com/p/CXjEUEnPKm5
3,2021/12/16 21:40,捷運中山站,"(25.0527837181, 121.5205509356)","(25.06, 121.52)",https://www.instagram.com/p/CXi7asJPgkF
20,2021/12/12 01:07,中山站,"(25.0524894114, 121.5204027119)","(25.06, 121.52)",https://www.instagram.com/p/CXWbI0EP3MN
5431,2021/12/15 22:00,中山站,"(25.0524894114, 121.5204027119)","(25.06, 121.52)",https://www.instagram.com/p/CXgY308FOUI
135,2021/12/16 18:01,中山站,"(25.0524894114, 121.5204027119)","(25.06, 121.52)",https://www.instagram.com/p/CXiiRayv1M8
140,2021/12/14 20:51,中山站商圈,"(25.0523695, 121.5217083333)","(25.06, 121.52)",https://www.instagram.com/p/CXdsITdvcJb
10,2021/12/18 15:18,中山站商圈,"(25.0523695, 121.5217083333)","(25.06, 121.52)",https://www.instagram.com/p/CXnZNefPWnE
767,2021/12/19 22:07,中山站商圈,"(25.0523695, 121.5217083333)","(25.06, 121.52)",https://www.instagram.com/p/CXqs0kvvHVb
366,2021/12/20 22:05,中山站商圈,"(25.0523695, 121.5217083333)","(25.06, 121.52)",https://www.instagram.com/p/CXtRb_VPEoj
140,2021/12/16 21:42,新光三越 台北南西店,"(25.052255313, 121.5210987395)","(25.06, 121.52)",https://www.instagram.com/p/CXi7nXNhuWn
240,2021/12/20 22:09,大稻埕碼頭貨櫃市集,"(25.0562650937, 121.5074720979)","(25.06, 121.5)",https://www.instagram.com/p/CXtR6BSPQra
158,2021/12/12 21:15,宏匯廣場,"(25.059806004, 121.4495474397)","(25.06, 121.44)",https://www.instagram.com/p/CXYlYmHP6Ho
153,2021/12/12 00:00,台茂購物中心 TaiMall Shopping Center,"(25.0531719287, 121.2884107232)","(25.06, 121.28)",https://www.instagram.com/p/CXWTYA8P6cC
76,2021/12/16 00:32,三重河堤＆鴨鴨公園,"(25.0512094, 121.4821706)","(25.05, 121.48)",https://www.instagram.com/p/CXgpokLDsl6
52,2021/12/16 09:07,三重河堤＆鴨鴨公園,"(25.0512094, 121.4821706)","(25.05, 121.48)",https://www.instagram.com/p/CXhlI6dvXbk
77,2021/12/16 21:16,三重河堤＆鴨鴨公園,"(25.0512094, 121.4821706)","(25.05, 121.48)",https://www.instagram.com/p/CXi4n1vPICd
132,2021/12/21 20:59,三重河堤＆鴨鴨公園,"(25.0512094, 121.4821706)","(25.05, 121.48)",https://www.instagram.com/p/CXvumt1PYeH
165,2021/12/12 15:26,鴨鴨公園,"(25.0485018406, 121.4904910171)","(25.05, 121.48)",https://www.instagram.com/p/CXX9WVrvNbg
344,2021/12/18 23:37,鴨鴨公園,"(25.0485018406, 121.4904910171)","(25.05, 121.48)",https://www.instagram.com/p/CXoST8Zv3Dv
4,2021/12/19 21:04,鴨鴨公園,"(25.0485018406, 121.4904910171)","(25.05, 121.48)",https://www.instagram.com/p/CXqlqP8pomG
205,2021/12/21 17:18,Gogoro 聖誕能量樹,"(25.035524675447355, 121.56608662608251)","(25.04, 121.56)",https://www.instagram.com/p/CXvVVO3vSR9
67,2021/12/21 18:05,Gogoro 聖誕能量樹,"(25.035524675447355, 121.56608662608251)","(25.04, 121.56)",https://www.instagram.com/p/CXvavvtlPTq
3,2021/12/21 18:57,Gogoro 聖誕能量樹,"(25.035524675447355, 121.56608662608251)","(25.04, 121.56)",https://www.instagram.com/p/CXvgruEFVTO
186,2021/12/12 22:33,Bellavita寶麗廣場 - 貴婦百貨信義區,"(25.039440, 121.567713)","(25.04, 121.56)",https://www.instagram.com/p/CXYuRgvvS0d
104,2021/12/14 12:53,Bellavita寶麗廣場 - 貴婦百貨信義區,"(25.039440, 121.567713)","(25.04, 121.56)",https://www.instagram.com/p/CXc1aa2FIln
350,2021/12/16 11:33,Bellavita寶麗廣場 - 貴婦百貨信義區,"(25.039440, 121.567713)","(25.04, 121.56)",https://www.instagram.com/p/CXh165BBD_A
455,2021/12/16 12:27,Bellavita寶麗廣場 - 貴婦百貨信義區,"(25.039440, 121.567713)","(25.04, 121.56)",https://www.instagram.com/p/CXh8HECPFo6
561,2021/12/18 10:57,Bellavita寶麗廣場 - 貴婦百貨信義區,"(25.039440, 121.567713)","(25.04, 121.56)",https://www.instagram.com/p/CXm7adnP75p
204,2021/12/19 15:35,Bellavita寶麗廣場 - 貴婦百貨信義區,"(25.039440, 121.567713)","(25.04, 121.56)",https://www.instagram.com/p/CXp__e2LODi
139,2021/12/21 13:35,Bellavita寶麗廣場 - 貴婦百貨信義區,"(25.039440, 121.567713)","(25.04, 121.56)",https://www.instagram.com/p/CXu737mr8du
601,2021/12/21 18:51,Bellavita寶麗廣場 - 貴婦百貨信義區,"(25.039440, 121.567713)","(25.04, 121.56)",https://www.instagram.com/p/CXvf9w_PFWP
2067,2021/12/20 22:00,台北W飯店,"(25.04084, 121.56556)","(25.04, 121.56)",https://www.instagram.com/p/CXtQ3CoPIRZ
209,2021/12/16 11:16,微風信義 Breeze Xin Yi,"(25.0407766174, 121.5666925907)","(25.04, 121.56)",https://www.instagram.com/p/CXhz9YRPSPk
41,2021/12/20 18:06,微風信義 Breeze Xin Yi,"(25.0407766174, 121.5666925907)","(25.04, 121.56)",https://www.instagram.com/p/CXs2DQGlgWe
321,2021/12/12 11:35,新光三越 台北信義新天地,"(25.0378839456, 121.5669386408)","(25.04, 121.56)",https://www.instagram.com/p/CXXi7NGlsFe
139,2021/12/12 20:48,新光三越 台北信義新天地,"(25.0378839456, 121.5669386408)","(25.04, 121.56)",https://www.instagram.com/p/CXYiPLtvm99
127,2021/12/13 03:20,新光三越 台北信義新天地,"(25.0378839456, 121.5669386408)","(25.04, 121.56)",https://www.instagram.com/p/CXZPF0zhe7P
380,2021/12/13 18:41,新光三越 台北信義新天地,"(25.0378839456, 121.5669386408)","(25.04, 121.56)",https://www.instagram.com/p/CXa4hRUPXlO
260,2021/12/15 18:10,新光三越 台北信義新天地,"(25.0378839456, 121.5669386408)","(25.04, 121.56)",https://www.instagram.com/p/CXf-juRl3BN
474,2021/12/17 11:58,信義新光三越,"(25.0375213, 121.5669649)","(25.04, 121.56)",https://www.instagram.com/p/CXkditCgbu0
266,2021/12/20 18:08,台北信義香堤廣埸,"(25.0375071058, 121.567081318)","(25.04, 121.56)",https://www.instagram.com/p/CXs2RADvgzU
3,2021/12/12 21:33,信義區商圈,"(25.0373852903, 121.5668806983)","(25.04, 121.56)",https://www.instagram.com/p/CXYnZuiBIuR
274,2021/12/13 22:13,信義區商圈,"(25.0373852903, 121.5668806983)","(25.04, 121.56)",https://www.instagram.com/p/CXbQy-hvMEZ
172,2021/12/16 00:56,信義區商圈,"(25.0373852903, 121.5668806983)","(25.04, 121.56)",https://www.instagram.com/p/CXgtAKuvC8x
22,2021/12/16 18:36,信義區商圈,"(25.0373852903, 121.5668806983)","(25.04, 121.56)",https://www.instagram.com/p/CXimSk9gWlm
1269,2021/12/16 21:36,信義區商圈,"(25.0373852903, 121.5668806983)","(25.04, 121.56)",https://www.instagram.com/p/CXi67X9v7ej
55,2021/12/18 13:58,信義區商圈,"(25.0373852903, 121.5668806983)","(25.04, 121.56)",https://www.instagram.com/p/CXnQCiVL8A_
36613,2021/12/18 14:37,信義區商圈,"(25.0373852903, 121.5668806983)","(25.04, 121.56)",https://www.instagram.com/p/CXnUkjsvsRI
3430,2021/12/18 19:02,信義區商圈,"(25.0373852903, 121.5668806983)","(25.04, 121.56)",https://www.instagram.com/p/CXny7VAJcIj
266,2021/12/19 16:50,信義區商圈,"(25.0373852903, 121.5668806983)","(25.04, 121.56)",https://www.instagram.com/p/CXqIjf2L1HS
160,2021/12/19 22:27,信義區商圈,"(25.0373852903, 121.5668806983)","(25.04, 121.56)",https://www.instagram.com/p/CXqvITQPwMz
20,2021/12/21 01:01,信義區商圈,"(25.0373852903, 121.5668806983)","(25.04, 121.56)",https://www.instagram.com/p/CXtlgT-BqRU
3,2021/12/21 01:11,信義區商圈,"(25.0373852903, 121.5668806983)","(25.04, 121.56)",https://www.instagram.com/p/CXtmqhcJ50o
3,2021/12/21 11:41,信義區商圈,"(25.0373852903, 121.5668806983)","(25.04, 121.56)",https://www.instagram.com/p/CXuuxOFPafw
180,2021/12/21 18:28,信義區商圈,"(25.0373852903, 121.5668806983)","(25.04, 121.56)",https://www.instagram.com/p/CXvdVmrJjzd
1125,2021/12/12 07:29,新光三越台北信義新天地 A11,"(25.0366621076, 121.5670611633)","(25.04, 121.56)",https://www.instagram.com/p/CXXG0wnBJte
460,2021/12/12 22:07,新光三越台北信義新天地 A11,"(25.0366621076, 121.5670611633)","(25.04, 121.56)",https://www.instagram.com/p/CXYrVDgvZFO
236,2021/12/17 18:50,新光三越台北信義新天地 A11,"(25.0366621076, 121.5670611633)","(25.04, 121.56)",https://www.instagram.com/p/CXlMp9OF-bT
3,2021/12/18 18:38,新光三越台北信義新天地 A11,"(25.0366621076, 121.5670611633)","(25.04, 121.56)",https://www.instagram.com/p/CXnwIMelntj
54,2021/12/18 23:47,新光三越台北信義新天地 A11,"(25.0366621076, 121.5670611633)","(25.04, 121.56)",https://www.instagram.com/p/CXoTemrPJNN
404,2021/12/19 19:06,新光三越台北信義新天地 A11,"(25.0366621076, 121.5670611633)","(25.04, 121.56)",https://www.instagram.com/p/CXqYGt9PV_F
2698,2021/12/20 16:46,新光三越台北信義新天地 A11,"(25.0366621076, 121.5670611633)","(25.04, 121.56)",https://www.instagram.com/p/CXss2hplqNa
3,2021/12/21 19:13,新光三越台北信義新天地 A11,"(25.0366621076, 121.5670611633)","(25.04, 121.56)",https://www.instagram.com/p/CXvif2sFpV2
12,2021/12/12 13:10,新光三越香堤廣場,"(25.03597, 121.56746)","(25.04, 121.56)",https://www.instagram.com/p/CXXt0QkPtvz
136,2021/12/12 21:28,TAIPEI 101 MALL 台北 101 購物中心,"(25.0343805984, 121.5644432558)","(25.04, 121.56)",https://www.instagram.com/p/CXYm3AXv7rt
550,2021/12/13 10:00,TAIPEI 101 MALL 台北 101 購物中心,"(25.0343805984, 121.5644432558)","(25.04, 121.56)",https://www.instagram.com/p/CXZ80tavtvW
23,2021/12/13 10:30,TAIPEI 101 MALL 台北 101 購物中心,"(25.0343805984, 121.5644432558)","(25.04, 121.56)",https://www.instagram.com/p/CXaAU5NPoZG
771,2021/12/13 18:40,TAIPEI 101 MALL 台北 101 購物中心,"(25.0343805984, 121.5644432558)","(25.04, 121.56)",https://www.instagram.com/p/CXa4XQOPfgQ
501,2021/12/14 19:50,TAIPEI 101 MALL 台北 101 購物中心,"(25.0343805984, 121.5644432558)","(25.04, 121.56)",https://www.instagram.com/p/CXdlKIavAy4
4143,2021/12/14 20:30,TAIPEI 101 MALL 台北 101 購物中心,"(25.0343805984, 121.5644432558)","(25.04, 121.56)",https://www.instagram.com/p/CXdpxPPPMPK
208,2021/12/14 22:37,TAIPEI 101 MALL 台北 101 購物中心,"(25.0343805984, 121.5644432558)","(25.04, 121.56)",https://www.instagram.com/p/CXd4QTkPyl8
191,2021/12/15 02:36,TAIPEI 101 MALL 台北 101 購物中心,"(25.0343805984, 121.5644432558)","(25.04, 121.56)",https://www.instagram.com/p/CXeTo4thnRc
135,2021/12/15 21:32,TAIPEI 101 MALL 台北 101 購物中心,"(25.0343805984, 121.5644432558)","(25.04, 121.56)",https://www.instagram.com/p/CXgVoqgPVcf
16,2021/12/16 13:43,TAIPEI 101 MALL 台北 101 購物中心,"(25.0343805984, 121.5644432558)","(25.04, 121.56)",https://www.instagram.com/p/CXiEg7TMz5n
1059,2021/12/17 22:46,TAIPEI 101 MALL 台北 101 購物中心,"(25.0343805984, 121.5644432558)","(25.04, 121.56)",https://www.instagram.com/p/CXlnsbQvkkb
41,2021/12/19 20:37,TAIPEI 101 MALL 台北 101 購物中心,"(25.0343805984, 121.5644432558)","(25.04, 121.56)",https://www.instagram.com/p/CXqii8TlX9i
89,2021/12/20 18:24,TAIPEI 101 MALL 台北 101 購物中心,"(25.0343805984, 121.5644432558)","(25.04, 121.56)",https://www.instagram.com/p/CXs4FKmPvrR
15,2021/12/20 19:40,TAIPEI 101 MALL 台北 101 購物中心,"(25.0343805984, 121.5644432558)","(25.04, 121.56)",https://www.instagram.com/p/CXtA3nHJaz3
53,2021/12/20 23:14,TAIPEI 101 MALL 台北 101 購物中心,"(25.0343805984, 121.5644432558)","(25.04, 121.56)",https://www.instagram.com/p/CXtZTjRPAaL
329,2021/12/20 23:56,TAIPEI 101 MALL 台北 101 購物中心,"(25.0343805984, 121.5644432558)","(25.04, 121.56)",https://www.instagram.com/p/CXteFmxhMVk
281,2021/12/21 18:25,TAIPEI 101 MALL 台北 101 購物中心,"(25.0343805984, 121.5644432558)","(25.04, 121.56)",https://www.instagram.com/p/CXvc_PwBrsR
3,2021/12/21 18:25,TAIPEI 101 MALL 台北 101 購物中心,"(25.0343805984, 121.5644432558)","(25.04, 121.56)",https://www.instagram.com/p/CXvdDwWPlaf
245,2021/12/21 18:33,TAIPEI 101 MALL 台北 101 購物中心,"(25.0343805984, 121.5644432558)","(25.04, 121.56)",https://www.instagram.com/p/CXvd9JhlytR
28,2021/12/21 19:47,TAIPEI 101 MALL 台北 101 購物中心,"(25.0343805984, 121.5644432558)","(25.04, 121.56)",https://www.instagram.com/p/CXvmXFHF8qT
1665,2021/12/15 10:04,台北 101 - Taipei 101,"(25.0340224989, 121.5643476696)","(25.04, 121.56)",https://www.instagram.com/p/CXfG9UIFFHl
1068,2021/12/15 19:48,台北 101 - Taipei 101,"(25.0340224989, 121.5643476696)","(25.04, 121.56)",https://www.instagram.com/p/CXgJw6ivKLi
151,2021/12/16 14:07,台北 101 - Taipei 101,"(25.0340224989, 121.5643476696)","(25.04, 121.56)",https://www.instagram.com/p/CXiHgP8L5dX
181,2021/12/16 17:33,台北 101 - Taipei 101,"(25.0340224989, 121.5643476696)","(25.04, 121.56)",https://www.instagram.com/p/CXifI7Up3bc
42,2021/12/20 09:40,台北 101 - Taipei 101,"(25.0340224989, 121.5643476696)","(25.04, 121.56)",https://www.instagram.com/p/CXr8KO3P5Oz
254,2021/12/21 00:59,台北 101 - Taipei 101,"(25.0340224989, 121.5643476696)","(25.04, 121.56)",https://www.instagram.com/p/CXtlUOuPk9E
32,2021/12/21 09:32,台北 101 - Taipei 101,"(25.0340224989, 121.5643476696)","(25.04, 121.56)",https://www.instagram.com/p/CXugD8wvJMK
3,2021/12/21 17:05,台北 101 - Taipei 101,"(25.0340224989, 121.5643476696)","(25.04, 121.56)",https://www.instagram.com/p/CXvT4JYpWuN
115,2021/12/13 22:45,台北 101 - Taipei 101,"(25.0340224989, 121.5643476696)","(25.04, 121.56)",https://www.instagram.com/p/CXbUeZvNU94
512,2021/12/19 20:56,微風信義 Breeze Xin Yi,"(25.0407766174, 121.5666925907)","(25.04, 121.56)",https://www.instagram.com/p/CXqkukhli46
72,2021/12/19 18:37,台北 101 - Taipei 101,"(25.0340224989, 121.5643476696)","(25.04, 121.56)",https://www.instagram.com/p/CXqUyqwBoDe
469,2021/12/16 11:50,信義新光三越A9 館,"(25.0378839456, 121.5669386408)","(25.04, 121.56)",https://www.instagram.com/p/CXh3y0ysXwc
624,2021/12/17 22:10,信義新光三越A9,"(25.0366621076, 121.5670611633)","(25.04, 121.56)",https://www.instagram.com/p/CXljkHjPzxJ
388,2021/12/18 11:59,信義新光三越A9,"(25.0366621076, 121.5670611633)","(25.04, 121.56)",https://www.instagram.com/p/CXnChnLrdIC
2038,2021/12/17 17:55,大安森林公園,"(25.0301777778, 121.5356916667)","(25.04, 121.54)",https://www.instagram.com/p/CXlGckIl4I-
12,2021/12/13 17:02,西門町,"(25.0458282261, 121.5056920425)","(25.04, 121.5)",https://www.instagram.com/p/CXatHo3lOcb
3,2021/12/15 17:17,西門町 Ximenting,"(25.0436783946, 121.5070461141)","(25.04, 121.5)",https://www.instagram.com/p/CXf4fKCBGIz
194,2021/12/13 23:23,Shangri-La Taipei 台北遠東香格里拉,"(25.0266797106, 121.5493408361)","(25.02, 121.54)",https://www.instagram.com/p/CXbYzxOPrmq
344,2021/12/21 21:11,新北歡樂耶誕誠,"(25.0133916667, 121.4652116667)","(25.02, 121.46)",https://www.instagram.com/p/CXvwC7gPFi9
310,2021/12/21 07:25,板橋大遠百,"(25.01369, 121.46663)","(25.02, 121.46)",https://www.instagram.com/p/CXuRgvihvif
3,2021/12/15 23:01,新北市板橋耶誕城,"(25.0133916667, 121.4652116667)","(25.02, 121.46)",https://www.instagram.com/p/CXgf00fvveP
506,2021/12/18 09:53,新北市板橋耶誕城,"(25.0133916667, 121.4652116667)","(25.02, 121.46)",https://www.instagram.com/p/CXm0BzJvw5G
757,2021/12/18 21:20,新北市板橋耶誕城,"(25.0133916667, 121.4652116667)","(25.02, 121.46)",https://www.instagram.com/p/CXoCrRAv6Qb
418,2021/12/19 09:10,新北市板橋耶誕城,"(25.0133916667, 121.4652116667)","(25.02, 121.46)",https://www.instagram.com/p/CXpT6hMvNoH
12,2021/12/19 10:28,新北市板橋耶誕城,"(25.0133916667, 121.4652116667)","(25.02, 121.46)",https://www.instagram.com/p/CXpc2KyPL8Y
10,2021/12/19 10:30,新北市板橋耶誕城,"(25.0133916667, 121.4652116667)","(25.02, 121.46)",https://www.instagram.com/p/CXpdIrPPnUa
8,2021/12/12 20:28,新北耶誕城,"(25.0133916667, 121.4652116667)","(25.02, 121.46)",https://www.instagram.com/p/CXYf5b-PbCG
783,2021/12/12 17:05,新北歡樂耶誕誠,"(25.0133916667, 121.4652116667)","(25.02, 121.46)",https://www.instagram.com/p/CXYIwxzFXp2
182,2021/12/12 20:11,新北歡樂耶誕誠,"(25.0133916667, 121.4652116667)","(25.02, 121.46)",https://www.instagram.com/p/CXYd9e8vNkT
134,2021/12/12 22:20,新北歡樂耶誕誠,"(25.0133916667, 121.4652116667)","(25.02, 121.46)",https://www.instagram.com/p/CXYs0myBteb
371,2021/12/13 16:02,新北歡樂耶誕誠,"(25.0133916667, 121.4652116667)","(25.02, 121.46)",https://www.instagram.com/p/CXamUzuFwkJ
3,2021/12/13 20:32,新北歡樂耶誕誠,"(25.0133916667, 121.4652116667)","(25.02, 121.46)",https://www.instagram.com/p/CXbFJ6ZhGcX
3,2021/12/14 21:23,新北歡樂耶誕誠,"(25.0133916667, 121.4652116667)","(25.02, 121.46)",https://www.instagram.com/p/CXdv17MBFkM
110,2021/12/15 21:36,新北歡樂耶誕誠,"(25.0133916667, 121.4652116667)","(25.02, 121.46)",https://www.instagram.com/p/CXgWJvOhn2Z
124,2021/12/16 00:21,新北歡樂耶誕誠,"(25.0133916667, 121.4652116667)","(25.02, 121.46)",https://www.instagram.com/p/CXgpAu8B6es
309,2021/12/17 12:02,新北歡樂耶誕誠,"(25.0133916667, 121.4652116667)","(25.02, 121.46)",https://www.instagram.com/p/CXkeDGQPbVF
154,2021/12/17 19:07,新北歡樂耶誕誠,"(25.0133916667, 121.4652116667)","(25.02, 121.46)",https://www.instagram.com/p/CXlOp3elYW7
297,2021/12/18 18:02,新北歡樂耶誕誠,"(25.0133916667, 121.4652116667)","(25.02, 121.46)",https://www.instagram.com/p/CXnr_a4PWYZ
3,2021/12/18 20:21,新北歡樂耶誕誠,"(25.0133916667, 121.4652116667)","(25.02, 121.46)",https://www.instagram.com/p/CXn76pNBZbY
175,2021/12/18 22:12,新北歡樂耶誕誠,"(25.0133916667, 121.4652116667)","(25.02, 121.46)",https://www.instagram.com/p/CXoImIpPZ_f
135,2021/12/19 12:16,新北歡樂耶誕誠,"(25.0133916667, 121.4652116667)","(25.02, 121.46)",https://www.instagram.com/p/CXppOmiP_Ve
445,2021/12/19 22:49,新北歡樂耶誕誠,"(25.0133916667, 121.4652116667)","(25.02, 121.46)",https://www.instagram.com/p/CXqxpG7vm-Z
63,2021/12/19 22:51,新北歡樂耶誕誠,"(25.0133916667, 121.4652116667)","(25.02, 121.46)",https://www.instagram.com/p/CXqx7KavvLn
416,2021/12/20 21:14,新北歡樂耶誕誠,"(25.0133916667, 121.4652116667)","(25.02, 121.46)",https://www.instagram.com/p/CXtLjIXPfxE
112,2021/12/21 00:15,新北歡樂耶誕誠,"(25.0133916667, 121.4652116667)","(25.02, 121.46)",https://www.instagram.com/p/CXtgRlsvKxS
69,2021/12/21 19:19,新北歡樂耶誕誠,"(25.0133916667, 121.4652116667)","(25.02, 121.46)",https://www.instagram.com/p/CXvjOSxPGiY
121,2021/12/12 23:56,板橋市政府 新北耶誕城,"(25.0133916667, 121.4652116667)","(25.02, 121.46)",https://www.instagram.com/p/CXY3x9dvgCh
300,2021/12/16 10:08,板橋市政府 新北耶誕城,"(25.0133916667, 121.4652116667)","(25.02, 121.46)",https://www.instagram.com/p/CXhsIMEvDzf
194,2021/12/19 16:46,板橋市政府 新北耶誕城,"(25.0133916667, 121.4652116667)","(25.02, 121.46)",https://www.instagram.com/p/CXqIGRSLDO0
181,2021/12/19 16:46,板橋市政府 新北耶誕城,"(25.0133916667, 121.4652116667)","(25.02, 121.46)",https://www.instagram.com/p/CXqIIEqrKO7
259,2021/12/19 16:46,板橋市政府 新北耶誕城,"(25.0133916667, 121.4652116667)","(25.02, 121.46)",https://www.instagram.com/p/CXqIJlNrH2F
29,2021/12/19 17:56,板橋市政府 新北耶誕城,"(25.0133916667, 121.4652116667)","(25.02, 121.46)",https://www.instagram.com/p/CXqQIQyJ4FV
387,2021/12/20 10:33,板橋市政府 新北耶誕城,"(25.0133916667, 121.4652116667)","(25.02, 121.46)",https://www.instagram.com/p/CXsCNOdPtMU
182,2021/12/20 21:09,板橋市政府 新北耶誕城,"(25.0133916667, 121.4652116667)","(25.02, 121.46)",https://www.instagram.com/p/CXtLDwQPdNF
52,2021/12/12 10:38,新北耶誕城,"(25.0133916667, 121.4652116667)","(25.02, 121.46)",https://www.instagram.com/p/CXXcdAThrci
423,2021/12/13 19:50,新北耶誕城,"(25.0133916667, 121.4652116667)","(25.02, 121.46)",https://www.instagram.com/p/CXbAZTEPalh
318,2021/12/13 23:21,新北耶誕城,"(25.0133916667, 121.4652116667)","(25.02, 121.46)",https://www.instagram.com/p/CXbYlUnvGV3
295,2021/12/14 10:07,新北耶誕城,"(25.0133916667, 121.4652116667)","(25.02, 121.46)",https://www.instagram.com/p/CXcidt2lIoJ
214,2021/12/14 20:03,新北耶誕城,"(25.0133916667, 121.4652116667)","(25.02, 121.46)",https://www.instagram.com/p/CXdmp_iPJ-e
676,2021/12/14 20:45,新北耶誕城,"(25.0133916667, 121.4652116667)","(25.02, 121.46)",https://www.instagram.com/p/CXdriPHP2bZ
642,2021/12/15 09:50,新北耶誕城,"(25.0133916667, 121.4652116667)","(25.02, 121.46)",https://www.instagram.com/p/CXfFWjOvQmW
693,2021/12/15 20:29,新北耶誕城,"(25.0133916667, 121.4652116667)","(25.02, 121.46)",https://www.instagram.com/p/CXgOZk1vFdt
819,2021/12/16 12:49,新北耶誕城,"(25.0133916667, 121.4652116667)","(25.02, 121.46)",https://www.instagram.com/p/CXh-jJMPjjk
548,2021/12/16 21:05,新北耶誕城,"(25.0133916667, 121.4652116667)","(25.02, 121.46)",https://www.instagram.com/p/CXi3WMGPdYN
7425,2021/12/18 10:53,新北耶誕城,"(25.0133916667, 121.4652116667)","(25.02, 121.46)",https://www.instagram.com/p/CXm64pYlcSl
501,2021/12/19 12:06,新北耶誕城,"(25.0133916667, 121.4652116667)","(25.02, 121.46)",https://www.instagram.com/p/CXpoGmNPZCP
496,2021/12/20 01:25,新北耶誕城,"(25.0133916667, 121.4652116667)","(25.02, 121.46)",https://www.instagram.com/p/CXrDhSGPYVl
2359,2021/12/20 18:06,新北耶誕城,"(25.0133916667, 121.4652116667)","(25.02, 121.46)",https://www.instagram.com/p/CXs2DZVDP_0
51,2021/12/20 18:15,新北耶誕城,"(25.0133916667, 121.4652116667)","(25.02, 121.46)",https://www.instagram.com/p/CXs3EA9rYtm
9,2021/12/20 20:15,新北耶誕城,"(25.0133916667, 121.4652116667)","(25.02, 121.46)",https://www.instagram.com/p/CXtE1VcFoyY
647,2021/12/21 16:34,新北耶誕城,"(25.0133916667, 121.4652116667)","(25.02, 121.46)",https://www.instagram.com/p/CXvQXBQLeY7
510,2021/12/15 20:00,新北耶誕城,"(25.0133916667, 121.4652116667)","(25.02, 121.46)",https://www.instagram.com/p/CXgLFCmvvku
196,2021/12/14 00:52,新北市歡樂耶誕城,"(25.0133916667, 121.4652116667)","(25.02, 121.46)",https://www.instagram.com/p/CXbi95XhVex
399,2021/12/13 21:04,新北耶誕城,"(25.0133916667, 121.4652116667)","(25.02, 121.46)",https://www.instagram.com/p/CXbI1yCPWBa
66,2021/12/20 03:01,置地廣場 桃園 Landmark Plaza,"(25.0172568757, 121.2138237632)","(25.02, 121.22)",https://www.instagram.com/p/CXrOgLFh3uY
3,2021/12/12 20:02,華泰名品城,"(25.0156339766, 121.2146793492)","(25.02, 121.22)",https://www.instagram.com/p/CXYc6vHv-31
140,2021/12/12 20:45,華泰名品城,"(25.0156339766, 121.2146793492)","(25.02, 121.22)",https://www.instagram.com/p/CXYh2pgJLnu
33,2021/12/13 01:01,華泰名品城,"(25.0156339766, 121.2146793492)","(25.02, 121.22)",https://www.instagram.com/p/CXY_N8KB9nZ
64,2021/12/13 10:30,華泰名品城,"(25.0156339766, 121.2146793492)","(25.02, 121.22)",https://www.instagram.com/p/CXaAXDRBdNT
329,2021/12/13 21:09,華泰名品城,"(25.0156339766, 121.2146793492)","(25.02, 121.22)",https://www.instagram.com/p/CXbJZDFvCjU
231,2021/12/16 15:18,華泰名品城,"(25.0156339766, 121.2146793492)","(25.02, 121.22)",https://www.instagram.com/p/CXiPpGEh311
31,2021/12/16 22:00,華泰名品城,"(25.0156339766, 121.2146793492)","(25.02, 121.22)",https://www.instagram.com/p/CXi9nspMssX
49,2021/12/18 12:00,華泰名品城,"(25.0156339766, 121.2146793492)","(25.02, 121.22)",https://www.instagram.com/p/CXnCoY3tVWG
15,2021/12/18 23:56,華泰名品城,"(25.0156339766, 121.2146793492)","(25.02, 121.22)",https://www.instagram.com/p/CXoUgW8vSCD
275,2021/12/19 06:30,華泰名品城,"(25.0156339766, 121.2146793492)","(25.02, 121.22)",https://www.instagram.com/p/CXpBnjFFC-t
9,2021/12/19 10:51,華泰名品城,"(25.0156339766, 121.2146793492)","(25.02, 121.22)",https://www.instagram.com/p/CXpfbNhvbn8
30,2021/12/19 14:41,華泰名品城,"(25.0156339766, 121.2146793492)","(25.02, 121.22)",https://www.instagram.com/p/CXp5wIbrmQs
25,2021/12/20 22:13,華泰名品城,"(25.0156339766, 121.2146793492)","(25.02, 121.22)",https://www.instagram.com/p/CXtSYSlBAXm
1001,2021/12/20 23:30,華泰名品城,"(25.0156339766, 121.2146793492)","(25.02, 121.22)",https://www.instagram.com/p/CXtbI25PqvX
23,2021/12/18 11:22,GLORIA OUTLETS 華泰名品城,"(25.0139064944, 121.2135100365)","(25.02, 121.22)",https://www.instagram.com/p/CXm-OJ_p5ia
4,2021/12/18 21:33,GLORIA OUTLETS 華泰名品城,"(25.0139064944, 121.2135100365)","(25.02, 121.22)",https://www.instagram.com/p/CXoENeRhnIw
138,2021/12/19 21:33,GLORIA OUTLETS 華泰名品城,"(25.0139064944, 121.2135100365)","(25.02, 121.22)",https://www.instagram.com/p/CXqo7SdveZV
148,2021/12/21 22:25,GLORIA OUTLETS 華泰名品城,"(25.0139064944, 121.2135100365)","(25.02, 121.22)",https://www.instagram.com/p/CXv4g1DPU22
7,2021/12/12 20:20,大江國際購物中心Metro Walk,"(25.001056872328547, 121.22864878343728)","(25.00, 121.23)",https://www.instagram.com/p/CXYfBCPBdVU
185,2021/12/17 21:00,大江國際購物中心Metro Walk,"(25.001056872328547, 121.22864878343728)","(25.00, 121.23)",https://www.instagram.com/p/CXlbkicPp7M
103,2021/12/19 21:00,大江國際購物中心Metro Walk,"(25.001056872328547, 121.22864878343728)","(25.00, 121.23)",https://www.instagram.com/p/CXqlIU1PGjK
385,2021/12/20 17:50,大江國際購物中心Metro Walk,"(25.001056872328547, 121.22864878343728)","(25.00, 121.23)",https://www.instagram.com/p/CXs0Pcghoc1
354,2021/12/21 01:00,新光三越 桃園站前店,"(24.98980557, 121.3134489)","(24.98, 121.32)",https://www.instagram.com/p/CXtlcE5PdFy
40,2021/12/20 09:13,桃園統領,"(24.99102455643756, 121.31264398006233)","(24.98, 121.32)",https://www.instagram.com/p/CXr5HDSP2mA
553,2021/12/19 19:00,君悅飯店,"(24.9585180814, 121.417417799)","(24.96, 121.42)",https://www.instagram.com/p/CXqXfgMlPtE
279,2021/12/12 12:30,六福村主題遊樂園,"(24.821058232, 121.1822051252)","(24.82, 121.18)",https://www.instagram.com/p/CXXpRfdp51j
18,2021/12/13 19:56,六福村主題遊樂園,"(24.821058232, 121.1822051252)","(24.82, 121.18)",https://www.instagram.com/p/CXbBCJFvVs-
420,2021/12/13 20:36,六福村主題遊樂園,"(24.821058232, 121.1822051252)","(24.82, 121.18)",https://www.instagram.com/p/CXbFs59veK_
181,2021/12/18 10:31,六福村主題遊樂園,"(24.821058232, 121.1822051252)","(24.82, 121.18)",https://www.instagram.com/p/CXm4aKOPGm_
3998,2021/12/19 14:08,六福村主題遊樂園,"(24.821058232, 121.1822051252)","(24.82, 121.18)",https://www.instagram.com/p/CXp2A22LXTi
129,2021/12/20 13:03,六福村主題遊樂園,"(24.821058232, 121.1822051252)","(24.82, 121.18)",https://www.instagram.com/p/CXsTVnjvqeX
220,2021/12/21 01:08,六福村主題遊樂園,"(24.821058232, 121.1822051252)","(24.82, 121.18)",https://www.instagram.com/p/CXtmZlnPbVw
118,2021/12/21 20:40,六福村主題遊樂園,"(24.821058232, 121.1822051252)","(24.82, 121.18)",https://www.instagram.com/p/CXvscIrlxDV
1103,2021/12/21 22:48,六福村主題遊樂園,"(24.821058232, 121.1822051252)","(24.82, 121.18)",https://www.instagram.com/p/CXv7LK5Pjfe
3,2021/12/21 22:57,六福村主題遊樂園,"(24.821058232, 121.1822051252)","(24.82, 121.18)",https://www.instagram.com/p/CXv8Mw6PAeu
4551,2021/12/13 22:13,Big City遠東巨城購物中心,"(24.8098172855, 120.97484103)","(24.8, 120.98)",https://www.instagram.com/p/CXbQzaqp32L
88,2021/12/19 19:23,Big City遠東巨城購物中心,"(24.8098172855, 120.97484103)","(24.8, 120.98)",https://www.instagram.com/p/CXqaGYPFygM
154,2021/12/20 21:49,Big City遠東巨城購物中心,"(24.8098172855, 120.97484103)","(24.8, 120.98)",https://www.instagram.com/p/CXtPjBSJP6L
2022,2021/12/21 10:21,Big City遠東巨城購物中心,"(24.8098172855, 120.97484103)","(24.8, 120.98)",https://www.instagram.com/p/CXulrXpvLLV
13,2021/12/16 21:30,新竹巨城big City,"(24.8098172855, 120.97484103)","(24.8, 120.98)",https://www.instagram.com/p/CXi6NQmselN
601,2021/12/15 20:34,花露農場 FlowerHome,"(24.3328722803, 120.8272444584)","(24.34, 120.82)",https://www.instagram.com/p/CXgO-RMvJB7
174,2021/12/16 09:02,麗寶OUTLET MALL,"(24.324749781, 120.6997650862)","(24.32, 120.7)",https://www.instagram.com/p/CXhknRRP7ZQ
3333,2021/12/16 19:00,麗寶OUTLET MALL,"(24.324749781, 120.6997650862)","(24.32, 120.7)",https://www.instagram.com/p/CXipCd1vG8S
11964,2021/12/16 19:00,麗寶OUTLET MALL,"(24.324749781, 120.6997650862)","(24.32, 120.7)",https://www.instagram.com/p/CXipDDDvpGY
1615,2021/12/16 21:28,麗寶OUTLET MALL,"(24.324749781, 120.6997650862)","(24.32, 120.7)",https://www.instagram.com/p/CXi58eqFDJo
31877,2021/12/17 20:30,麗寶OUTLET MALL,"(24.324749781, 120.6997650862)","(24.32, 120.7)",https://www.instagram.com/p/CXlYGfSFObc
538,2021/12/17 23:59,麗寶OUTLET MALL,"(24.324749781, 120.6997650862)","(24.32, 120.7)",https://www.instagram.com/p/CXlwCmCPySh
735,2021/12/19 20:59,麗寶OUTLET MALL,"(24.324749781, 120.6997650862)","(24.32, 120.7)",https://www.instagram.com/p/CXqlHPWv-xh
46,2021/12/20 13:44,麗寶OUTLET MALL,"(24.324749781, 120.6997650862)","(24.32, 120.7)",https://www.instagram.com/p/CXsYC42J5Ix
199,2021/12/20 16:56,麗寶OUTLET MALL,"(24.324749781, 120.6997650862)","(24.32, 120.7)",https://www.instagram.com/p/CXst_iyJx5H
1199,2021/12/20 19:27,麗寶OUTLET MALL,"(24.324749781, 120.6997650862)","(24.32, 120.7)",https://www.instagram.com/p/CXs_U8DvGAF
37,2021/12/21 22:52,麗寶OUTLET MALL,"(24.324749781, 120.6997650862)","(24.32, 120.7)",https://www.instagram.com/p/CXv7k0vP275
3068,2021/12/19 22:32,情人木橋,"(24.2726637475, 120.7890128595)","(24.28, 120.78)",https://www.instagram.com/p/CXqvtmSPhRE
187,2021/12/16 09:38,豐原葫蘆墩公園,"(24.2552988681, 120.7092761993)","(24.26, 120.7)",https://www.instagram.com/p/CXhos2oJqk3
3,2021/12/15 19:43,台中三井 Outlet Ivorish台中港店,"(24.2582904, 120.5182151)","(24.26, 120.52)",https://www.instagram.com/p/CXgJPY0p-Qb
159,2021/12/20 19:06,台中三井 Outlet Ivorish台中港店,"(24.2582904, 120.5182151)","(24.26, 120.52)",https://www.instagram.com/p/CXs88X4JPfY
106,2021/12/19 10:06,中央公園,"(24.1856678669, 120.6542726421)","(24.18, 120.66)",https://www.instagram.com/p/CXpaYmjp343
511,2021/12/14 21:45,中央公園 Taichung Central Park,"(24.17948, 120.6561)","(24.18, 120.66)",https://www.instagram.com/p/CXdyZ2PvZpB
388,2021/12/15 10:16,中央公園 Taichung Central Park,"(24.17948, 120.6561)","(24.18, 120.66)",https://www.instagram.com/p/CXfIP5VPFJ3
3,2021/12/15 21:48,中央公園 Taichung Central Park,"(24.17948, 120.6561)","(24.18, 120.66)",https://www.instagram.com/p/CXgXf6LPZh2
76,2021/12/18 17:55,中央公園 Taichung Central Park,"(24.17948, 120.6561)","(24.18, 120.66)",https://www.instagram.com/p/CXnrPRBLPyi
192,2021/12/18 22:28,中央公園 Taichung Central Park,"(24.17948, 120.6561)","(24.18, 120.66)",https://www.instagram.com/p/CXoKd14vcdW
291,2021/12/20 19:09,中央公園 Taichung Central Park,"(24.17948, 120.6561)","(24.18, 120.66)",https://www.instagram.com/p/CXs9NxYFwEH
49,2021/12/21 00:17,中央公園 Taichung Central Park,"(24.17948, 120.6561)","(24.18, 120.66)",https://www.instagram.com/p/CXtgegcvmcl
1051,2021/12/21 12:04,中央公園 Taichung Central Park,"(24.17948, 120.6561)","(24.18, 120.66)",https://www.instagram.com/p/CXuxbDplnlL
70,2021/12/21 22:15,中央公園 Taichung Central Park,"(24.17948, 120.6561)","(24.18, 120.66)",https://www.instagram.com/p/CXv3ZL1vyTt
1002,2021/12/14 18:00,水湳-中央公園,"(24.1856678669, 120.6542726421)","(24.18, 120.66)",https://www.instagram.com/p/CXdYkSYLP9e
258,2021/12/13 22:34,勤美誠品百貨,"(24.151325313396637, 120.6640181941761)","(24.16,120.66)",https://www.instagram.com/p/CXbTLqkPPP2
3,2021/12/12 11:13,心之芳庭,"(24.1619173946, 120.7665561201)","(24.16, 120.76)",https://www.instagram.com/p/CXXgd7RP10Z
227,2021/12/14 07:37,心之芳庭,"(24.1619173946, 120.7665561201)","(24.16, 120.76)",https://www.instagram.com/p/CXcRXNpv7Ra
213,2021/12/14 19:54,心之芳庭,"(24.1619173946, 120.7665561201)","(24.16, 120.76)",https://www.instagram.com/p/CXdlprKPRlH
34,2021/12/13 16:54,台中 中友百貨,"(24.1522890809, 120.6849147869)","(24.16, 120.68)",https://www.instagram.com/p/CXasNQTJkH1
402,2021/12/14 18:40,台中 中友百貨,"(24.1522890809, 120.6849147869)","(24.16, 120.68)",https://www.instagram.com/p/CXddKeZl66x
7,2021/12/18 22:02,金典綠園道商場,"(24.15578, 120.66319)","(24.16, 120.66)",https://www.instagram.com/p/CXoHbktvb1Y
269,2021/12/12 12:18,廣三SOGO百貨,"(24.15528, 120.66178)","(24.16, 120.66)",https://www.instagram.com/p/CXXn19OLPza
141,2021/12/14 07:47,廣三SOGO百貨,"(24.15528, 120.66178)","(24.16, 120.66)",https://www.instagram.com/p/CXcSf5hPUG8
515,2021/12/19 14:11,廣三SOGO百貨,"(24.15528, 120.66178)","(24.16, 120.66)",https://www.instagram.com/p/CXp2VhIroOy
13,2021/12/18 15:44,勤美綠園道,"(24.151766, 120.66327)","(24.16, 120.66)",https://www.instagram.com/p/CXncMa1vfdt
232,2021/12/19 22:00,勤美綠園道,"(24.151766, 120.66327)","(24.16, 120.66)",https://www.instagram.com/p/CXqr_IBvf8N
167,2021/12/13 22:08,勤美 誠品綠園道,"(24.1509143068, 120.6637993455)","(24.16, 120.66)",https://www.instagram.com/p/CXbQNisPnBn
324,2021/12/14 18:05,勤美 誠品綠園道,"(24.1509143068, 120.6637993455)","(24.16, 120.66)",https://www.instagram.com/p/CXdZMKhvuUm
111,2021/12/18 19:44,勤美 誠品綠園道,"(24.1509143068, 120.6637993455)","(24.16, 120.66)",https://www.instagram.com/p/CXn3uv2FoWa
21,2021/12/21 23:53,勤美 誠品綠園道,"(24.1509143068, 120.6637993455)","(24.16, 120.66)",https://www.instagram.com/p/CXwCmyUP8tG
277,2021/12/20 22:44,勤美誠品綠園道,"(24.15086, 120.66639)","(24.16, 120.66)",https://www.instagram.com/p/CXtV0vzvNIT
807,2021/12/17 21:13,台中市政府廣場,"(24.162491449, 120.6475449873)","(24.16, 120.64)",https://www.instagram.com/p/CXldD9Mvrbe
3,2021/12/18 21:47,國家歌劇院,"(24.162864538952817, 120.64025988200565)","(24.16, 120.64)",https://www.instagram.com/p/CXoFy4LPbmy
5,2021/12/20 22:04,國家歌劇院,"(24.162864538952817, 120.64025988200565)","(24.16, 120.64)",https://www.instagram.com/p/CXtRUh-v7AD
749,2021/12/15 20:06,新光三越 台中中港店,"(24.1649964815, 120.6434045451)","(24.16, 120.64)",https://www.instagram.com/p/CXgLyMfPF3j
602,2021/12/16 17:05,新光三越 台中中港店,"(24.1649964815, 120.6434045451)","(24.16, 120.64)",https://www.instagram.com/p/CXib8bypmdJ
14354,2021/12/16 21:01,新光三越 台中中港店,"(24.1649964815, 120.6434045451)","(24.16, 120.64)",https://www.instagram.com/p/CXi23TtFIna
201,2021/12/16 23:00,新光三越 台中中港店,"(24.1649964815, 120.6434045451)","(24.16, 120.64)",https://www.instagram.com/p/CXjEjwmv0t5
108,2021/12/17 07:18,新光三越 台中中港店,"(24.1649964815, 120.6434045451)","(24.16, 120.64)",https://www.instagram.com/p/CXj9g0hP8w2
370,2021/12/18 19:04,新光三越 台中中港店,"(24.1649964815, 120.6434045451)","(24.16, 120.64)",https://www.instagram.com/p/CXnzGoOlEJe
340,2021/12/20 11:03,新光三越 台中中港店,"(24.1649964815, 120.6434045451)","(24.16, 120.64)",https://www.instagram.com/p/CXsFoD8vl-G
256,2021/12/16 19:55,遠東百貨 Top City台中大遠百,"(24.1641983088, 120.644736886)","(24.16, 120.64)",https://www.instagram.com/p/CXivUQUPaUE
336,2021/12/20 17:17,遠東百貨 Top City台中大遠百,"(24.1641983088, 120.644736886)","(24.16, 120.64)",https://www.instagram.com/p/CXswe4Rrjqy
22,2021/12/13 00:21,臺中國家歌劇院 National Taichung Theater,"(24.1630051195, 120.6409214834)","(24.16, 120.64)",https://www.instagram.com/p/CXY6j-xvk0O
513,2021/12/13 15:18,臺中國家歌劇院 National Taichung Theater,"(24.1630051195, 120.6409214834)","(24.16, 120.64)",https://www.instagram.com/p/CXahTf3vpgo
1462,2021/12/15 18:09,臺中國家歌劇院 National Taichung Theater,"(24.1630051195, 120.6409214834)","(24.16, 120.64)",https://www.instagram.com/p/CXf-YMmP9eh
294,2021/12/17 21:51,臺中國家歌劇院 National Taichung Theater,"(24.1630051195, 120.6409214834)","(24.16, 120.64)",https://www.instagram.com/p/CXlhcFsvIog
187,2021/12/18 19:53,臺中國家歌劇院 National Taichung Theater,"(24.1630051195, 120.6409214834)","(24.16, 120.64)",https://www.instagram.com/p/CXn4rLuFSYN
5,2021/12/19 20:00,臺中國家歌劇院 National Taichung Theater,"(24.1630051195, 120.6409214834)","(24.16, 120.64)",https://www.instagram.com/p/CXqeSYFr2dT
30,2021/12/19 20:59,臺中國家歌劇院 National Taichung Theater,"(24.1630051195, 120.6409214834)","(24.16, 120.64)",https://www.instagram.com/p/CXqlFd_prO_
12,2021/12/21 00:17,臺中國家歌劇院 National Taichung Theater,"(24.1630051195, 120.6409214834)","(24.16, 120.64)",https://www.instagram.com/p/CXtgfuIPLKD
448,2021/12/21 12:17,臺中國家歌劇院 National Taichung Theater,"(24.1630051195, 120.6409214834)","(24.16, 120.64)",https://www.instagram.com/p/CXuy575Peci
335,2021/12/21 21:10,臺中國家歌劇院 National Taichung Theater,"(24.1630051195, 120.6409214834)","(24.16, 120.64)",https://www.instagram.com/p/CXvv4KwPZeq
830,2021/12/18 20:04,市政府廣場,"(24.162491449, 120.6475449873)","(24.16, 120.64)",https://www.instagram.com/p/CXn572PJZIp
149,2021/12/15 20:20,台中歌劇院廣場,"(24.1630051195, 120.6409214834)","(24.16, 120.64)",https://www.instagram.com/p/CXgNXPcPLz7
209,2021/12/17 22:14,台中歌劇院 Vvg Play Play,"(24.1630051195, 120.6409214834)","(24.16, 120.64)",https://www.instagram.com/p/CXlkDBzPN_-
2862,2021/12/15 20:00,台中火車站,"(24.1374861974, 120.685284203)","(24.14, 120.68)",https://www.instagram.com/p/CXgLLlNLapo
475,2021/12/16 21:45,台中火車站,"(24.1374861974, 120.685284203)","(24.14, 120.68)",https://www.instagram.com/p/CXi7-T5Pjjx
1114,2021/12/20 08:00,台中火車站,"(24.1374861974, 120.685284203)","(24.14, 120.68)",https://www.instagram.com/p/CXrwrHNPE0u
2376,2021/12/21 06:46,台中火車站,"(24.1374861974, 120.685284203)","(24.14, 120.68)",https://www.instagram.com/p/CXuNC1kP5OS
2944,2021/12/19 12:15,柳川水岸步道【柳川藍帶水岸】,"(24.14239, 120.67723)","(24.14, 120.68)",https://www.instagram.com/p/CXppENdJUGd
2025,2021/12/20 20:30,柳川水岸步道【柳川藍帶水岸】,"(24.14239, 120.67723)","(24.14, 120.68)",https://www.instagram.com/p/CXtGf_Vp-0v
985,2021/12/12 10:00,台中車站前廣場,"(24.1374861974, 120.685284203)","(24.14, 120.68)",https://www.instagram.com/p/CXXYB2tPK5q
415,2021/12/13 22:40,台中車站前廣場,"(24.1374861974, 120.685284203)","(24.14, 120.68)",https://www.instagram.com/p/CXbT37Mvmv5
34,2021/12/14 22:00,台中車站前廣場,"(24.1374861974, 120.685284203)","(24.14, 120.68)",https://www.instagram.com/p/CXd0H2yF4oT
3,2021/12/12 22:00,秀泰生活台中文心店,"(24.129739108, 120.6461559894)","(24.12, 120.64)",https://www.instagram.com/p/CXYqd1XpPQo
1424,2021/12/20 21:11,秀泰生活台中文心店,"(24.129739108, 120.6461559894)","(24.12, 120.64)",https://www.instagram.com/p/CXtLR9RveAY
500,2021/12/18 10:28,八卦山,"(24.07865556, 120.55139167)","(24.08, 120.56)",https://www.instagram.com/p/CXm4EnyviT-
61,2021/12/16 19:21,遠東百貨 花蓮店,"(23.9784748312, 121.5993803926)","(23.98, 121.6)",https://www.instagram.com/p/CXirgNNvlsA
1655,2021/12/12 12:04,妮娜巧克力夢想城堡cona's,"(23.943469168279066, 120.92952162606002)","(23.94, 120.92)",https://www.instagram.com/p/CXXmQEXvhae
1504,2021/12/14 09:20,日月潭-耶穌堂,"(23.8636386345, 120.9106867568)","(23.86, 120.92)",https://www.instagram.com/p/CXcdHbNPJ7F
192,2021/12/19 17:34,南瀛綠都心公園,"(23.3098944511, 120.3151767656)","(23.3, 120.32)",https://www.instagram.com/p/CXqNnl4v4e3
221,2021/12/14 19:05,台南市立圖書館新總館,"(23.0247011779, 120.2375777425)","(23.02, 120.24)",https://www.instagram.com/p/CXdgBjtJzw9
122,2021/12/17 18:07,台南總圖,"(23.0247011779, 120.2375777425)","(23.02, 120.24)",https://www.instagram.com/p/CXlH1q4FUPg
102,2021/12/13 16:49,南紡購物中心,"(22.9908366653, 120.2330088295)","(23.0, 120.24)",https://www.instagram.com/p/CXarqOuPE-T
186,2021/12/14 10:59,南紡購物中心,"(22.9908366653, 120.2330088295)","(23.0, 120.24)",https://www.instagram.com/p/CXcoeYjrdOX
353,2021/12/15 12:10,南紡購物中心,"(22.9908366653, 120.2330088295)","(23.0, 120.24)",https://www.instagram.com/p/CXfVSbsLilx
634,2021/12/16 18:53,南紡購物中心,"(22.9908366653, 120.2330088295)","(23.0, 120.24)",https://www.instagram.com/p/CXioOxYPFFT
86,2021/12/16 19:03,南紡購物中心,"(22.9908366653, 120.2330088295)","(23.0, 120.24)",https://www.instagram.com/p/CXiparAlAj0
56,2021/12/18 23:52,南紡購物中心,"(22.9908366653, 120.2330088295)","(23.0, 120.24)",https://www.instagram.com/p/CXoUEuWFpU9
209,2021/12/20 14:35,河樂廣場,"(22.9938582869, 120.1927725078)","(23.0, 120.2)",https://www.instagram.com/p/CXsd8uapfUa
205,2021/12/14 10:53,新光三越 台南西門店,"(22.9869360324, 120.1985274655)","(22.98, 120.2)",https://www.instagram.com/p/CXcnuh0rqQ1
20,2021/12/13 12:22,奇美博物館 Chimei Museum,"(22.9345736861, 120.225957764)","(22.94, 120.22)",https://www.instagram.com/p/CXaNK5Rv3Uo
29,2021/12/13 23:01,奇美博物館 Chimei Museum,"(22.9345736861, 120.225957764)","(22.94, 120.22)",https://www.instagram.com/p/CXbWRQyvgwK
538,2021/12/15 21:07,奇美博物館 Chimei Museum,"(22.9345736861, 120.225957764)","(22.94, 120.22)",https://www.instagram.com/p/CXgS1HKv3hx
152,2021/12/16 00:24,奇美博物館 Chimei Museum,"(22.9345736861, 120.225957764)","(22.94, 120.22)",https://www.instagram.com/p/CXgpTjJBG_p
371,2021/12/16 18:54,奇美博物館 Chimei Museum,"(22.9345736861, 120.225957764)","(22.94, 120.22)",https://www.instagram.com/p/CXioZChveZg
25,2021/12/19 16:19,奇美博物館 Chimei Museum,"(22.9345736861, 120.225957764)","(22.94, 120.22)",https://www.instagram.com/p/CXqE--crQfR
447,2021/12/19 16:36,奇美博物館 Chimei Museum,"(22.9345736861, 120.225957764)","(22.94, 120.22)",https://www.instagram.com/p/CXqG7adrKAd
112,2021/12/20 17:41,奇美博物館 Chimei Museum,"(22.9345736861, 120.225957764)","(22.94, 120.22)",https://www.instagram.com/p/CXszNg7vhXi
167,2021/12/20 22:22,奇美博物館 Chimei Museum,"(22.9345736861, 120.225957764)","(22.94, 120.22)",https://www.instagram.com/p/CXtTaUmFOiH
362,2021/12/20 23:03,奇美博物館 Chimei Museum,"(22.9345736861, 120.225957764)","(22.94, 120.22)",https://www.instagram.com/p/CXtYGWlPXVh
148,2021/12/21 22:51,右昌教會敬拜中心,"(22.7258, 120.29251)","(22.72, 120.3)",https://www.instagram.com/p/CXv7eqHJ6ml
14,2021/12/13 19:00,建業新村-光之眷,"(22.6948818069, 120.2918797333)","(22.7, 120.3)",https://www.instagram.com/p/CXa6pLgvw68
346,2021/12/14 22:51,台灣基督長老教會屏東教會,"(22.671583481340555, 120.49295202433588)","(22.68, 120.5)",https://www.instagram.com/p/CXd56GQPqVG
157,2021/12/15 02:46,屏東公園-聖誕燈氣氛,"(22.6746666667, 120.4927366667)","(22.68, 120.5)",https://www.instagram.com/p/CXeU1kzh4pa
28,2021/12/15 16:22,屏東公園-聖誕燈氣氛,"(22.6746666667, 120.4927366667)","(22.68, 120.5)",https://www.instagram.com/p/CXfyIPSlYM1
297,2021/12/20 21:57,屏東公園,"(22.6744995117, 120.4929504394)","(22.68, 120.5)",https://www.instagram.com/p/CXtQfpqvfY9
296,2021/12/14 17:13,屏東公園,"(22.674471414, 120.4914267075)","(22.68, 120.5)",https://www.instagram.com/p/CXdTPZtFH4E
37,2021/12/20 04:15,屏東公園,"(22.674471414, 120.4914267075)","(22.68, 120.5)",https://www.instagram.com/p/CXrW59pBryG
293,2021/12/12 13:44,屏東耶誕城,"(22.674367824, 120.4913013165)","(22.68, 120.5)",https://www.instagram.com/p/CXXxwc4Pa51
25,2021/12/16 19:43,屏東和平教會（Official）,"(22.67139, 120.47921)","(22.68, 120.48)",https://www.instagram.com/p/CXit__yB0J5
32,2021/12/19 02:12,屏東和平教會（Official）,"(22.67139, 120.47921)","(22.68, 120.48)",https://www.instagram.com/p/CXokCcDBOt-
337,2021/12/19 16:18,屏東和平教會（Official）,"(22.67139, 120.47921)","(22.68, 120.48)",https://www.instagram.com/p/CXqE9KRLuwq
90,2021/12/15 21:57,新光三越左營店,"(22.6886802267, 120.3102486389)","(22.68, 120.32)",https://www.instagram.com/p/CXgYh0Mp0tj
216,2021/12/12 21:00,文藻外語大學,"(22.6701544581, 120.3190485108)","(22.68, 120.32)",https://www.instagram.com/p/CXYjo7XPn9w
456,2021/12/19 22:15,文藻外語大學,"(22.6701544581, 120.3190485108)","(22.68, 120.32)",https://www.instagram.com/p/CXqtts1vEge
314,2021/12/17 23:30,悅誠廣場,"(22.6563594038, 120.314919135)","(22.66, 120.32)",https://www.instagram.com/p/CXlstvxJPe-
160,2021/12/14 13:44,漢神巨蛋購物廣場,"(22.669306546, 120.302741405)","(22.66, 120.3)",https://www.instagram.com/p/CXc7VOtvdtT
31,2021/12/14 22:53,漢神巨蛋購物廣場,"(22.669306546, 120.302741405)","(22.66, 120.3)",https://www.instagram.com/p/CXd6JhEvG2l
534,2021/12/17 17:05,漢神巨蛋購物廣場,"(22.669306546, 120.302741405)","(22.66, 120.3)",https://www.instagram.com/p/CXlAr4uFTUq
128,2021/12/18 20:50,漢神巨蛋購物廣場,"(22.669306546, 120.302741405)","(22.66, 120.3)",https://www.instagram.com/p/CXn_LmTlI81
60,2021/12/19 00:59,漢神巨蛋購物廣場,"(22.669306546, 120.302741405)","(22.66, 120.3)",https://www.instagram.com/p/CXobxe_BY2c
181,2021/12/19 19:22,漢神巨蛋購物廣場,"(22.669306546, 120.302741405)","(22.66, 120.3)",https://www.instagram.com/p/CXqZ6hIpmf3
14,2021/12/20 14:23,漢神巨蛋購物廣場,"(22.669306546, 120.302741405)","(22.66, 120.3)",https://www.instagram.com/p/CXscf3-BPV5
245,2021/12/20 22:52,漢神巨蛋購物廣場,"(22.669306546, 120.302741405)","(22.66, 120.3)",https://www.instagram.com/p/CXtWu8VPrca
360,2021/12/20 22:57,漢神巨蛋購物廣場,"(22.669306546, 120.302741405)","(22.66, 120.3)",https://www.instagram.com/p/CXtXXAFPyj2
506,2021/12/21 20:21,漢神巨蛋購物廣場,"(22.669306546, 120.302741405)","(22.66, 120.3)",https://www.instagram.com/p/CXvqWkjlz5k
308,2021/12/21 20:31,漢神巨蛋購物廣場,"(22.669306546, 120.302741405)","(22.66, 120.3)",https://www.instagram.com/p/CXvrcPdFa7g
312,2021/12/21 20:35,漢神巨蛋購物廣場,"(22.669306546, 120.302741405)","(22.66, 120.3)",https://www.instagram.com/p/CXvr6uQFqNf
526,2021/12/21 22:02,漢神巨蛋購物廣場,"(22.669306546, 120.302741405)","(22.66, 120.3)",https://www.instagram.com/p/CXv12MmPNrf
29,2021/12/13 20:45,高雄巨蛋(K-ARENA),"(22.6686203762, 120.3018862009)","(22.66, 120.3)",https://www.instagram.com/p/CXbGrReP2DZ
16,2021/12/13 21:03,高雄巨蛋(K-ARENA),"(22.6686203762, 120.3018862009)","(22.66, 120.3)",https://www.instagram.com/p/CXbIr5gPqje
56,2021/12/13 21:37,高雄巨蛋(K-ARENA),"(22.6686203762, 120.3018862009)","(22.66, 120.3)",https://www.instagram.com/p/CXbMmvZAU2d
33,2021/12/13 21:37,高雄巨蛋(K-ARENA),"(22.6686203762, 120.3018862009)","(22.66, 120.3)",https://www.instagram.com/p/CXbMoGVlCVb
24,2021/12/13 21:42,高雄巨蛋(K-ARENA),"(22.6686203762, 120.3018862009)","(22.66, 120.3)",https://www.instagram.com/p/CXbNKgOAZ6c
126,2021/12/20 14:17,高雄巨蛋(K-ARENA),"(22.6686203762, 120.3018862009)","(22.66, 120.3)",https://www.instagram.com/p/CXsb0mLPUl5
532,2021/12/14 20:27,凹仔底森林公園,"(22.6605984266, 120.2999063288)","(22.66, 120.3)",https://www.instagram.com/p/CXdpeFjvvSJ
547,2021/12/13 21:22,義享時尚廣場,"(22.6565418128, 120.3065371513)","(22.66, 120.3)",https://www.instagram.com/p/CXbK6OxlEgy
22,2021/12/21 16:42,義享天地,"(22.6558540193, 120.3061484786)","(22.66, 120.3)",https://www.instagram.com/p/CXvRNiMF6q4
25,2021/12/20 23:55,高雄漢神百貨,"(22.669306546, 120.302741405)","(22.66, 120.3)",https://www.instagram.com/p/CXtd-RzPfFu
3,2021/12/19 20:35,鳳山基督長老教會,"(22.6284325817, 120.3607996372)","(22.62, 120.36)",https://www.instagram.com/p/CXqiRi-lT_k
279,2021/12/13 21:03,衛武營國家藝術文化中心,"(22.6230313553, 120.3424572945)","(22.62, 120.34)",https://www.instagram.com/p/CXbIxxTvDtQ
13,2021/12/18 23:57,衛武營國家藝術文化中心,"(22.6230313553, 120.3424572945)","(22.62, 120.34)",https://www.instagram.com/p/CXoUpnDpZMD
3,2021/12/21 22:05,衛武營國家藝術文化中心,"(22.6230313553, 120.3424572945)","(22.62, 120.34)",https://www.instagram.com/p/CXv2OocFqfb
17439,2021/12/15 18:55,高雄洲際酒店-InterContinental Kaohsiung,"(22.611313436522614, 120.30349037427153)","(22.62, 120.3)",https://www.instagram.com/p/CXgDvSTP1q0
263,2021/12/19 20:53,高雄洲際酒店-InterContinental Kaohsiung,"(22.611313436522614, 120.30349037427153)","(22.62, 120.3)",https://www.instagram.com/p/CXqkVLWJ71a
98,2021/12/20 03:15,高雄洲際酒店-InterContinental Kaohsiung,"(22.611313436522614, 120.30349037427153)","(22.62, 120.3)",https://www.instagram.com/p/CXrQJFZhl0I
85,2021/12/20 14:51,高雄洲際酒店-InterContinental Kaohsiung,"(22.611313436522614, 120.30349037427153)","(22.62, 120.3)",https://www.instagram.com/p/CXsfvPZLlY5
429,2021/12/20 20:16,高雄洲際酒店-InterContinental Kaohsiung,"(22.611313436522614, 120.30349037427153)","(22.62, 120.3)",https://www.instagram.com/p/CXtE5rZlHMO
1096,2021/12/20 23:01,高雄洲際酒店-InterContinental Kaohsiung,"(22.611313436522614, 120.30349037427153)","(22.62, 120.3)",https://www.instagram.com/p/CXtXz9ovhxA
700,2021/12/21 14:53,福容大飯店 高雄,"(22.621336, 120.28766)","(22.62, 120.28)",https://www.instagram.com/p/CXvEyTHrcmP
